nan,nan,0.0,nan,Kettle,7
nan,nan,0.0,nan,Electric_Heater,7
nan,0.8087142153585185,13.24534473514313,nan,Laptop,7
nan,nan,0.0,nan,Projector,7
1.0,nan,174.11708860447106,1.0,Kettle,30
1.0,nan,283.97574454923375,1.0,Electric_Heater,30
nan,0.5487542771202248,18.576838457558775,nan,Laptop,30
nan,nan,0.0,nan,Projector,30
