nan,nan,0.0,nan,total,7
5.51892399564065e-16,1.0,2.3570273265202285e-12,6.661338147750939e-16,total,30
1.3692872009404612e-15,1.0,8.133305845192205e-13,1.2212453270876722e-15,total,7
3.275664564993128e-15,1.0,1.309692155674386e-12,3.1086244689504383e-15,total,7
