mape,corr,rmse,minmax,seriesName,days
1.2510385401933435,0.1578872708301644,35.917391405094556,0.25195770469228085,Tv_Dvd_Lamp,30
0.6162345163604126,0.4627883817217318,32.898452228060876,0.19914947860477306,Tv_Dvd_Lamp,7.0
