nan,nan,0.0,nan,7
10.125945207987204,nan,164.45307576847384,1.4905794969902728,30
