nan,nan,0.0,nan,7
0.10574933122578382,nan,0.11773218839006709,0.09005715559351457,30
